"","TARGET","CONTRACT_TYPE","CODE_GENDER","FLAG_OWN_CAR","FLAG_OWN_REALTY","CNT_CHILDREN","AMT_INCOME_TOTAL","AMT_CREDIT","AMT_ANNUITY"
"1",0,"Cash loans","F","N","Y",0,144000,90000,9549
"2",0,"Cash loans","F","N","Y",0,108000,284400,16011
"3",0,"Cash loans","F","Y","Y",1,171000,761067,41418
"4",0,"Cash loans","F","N","Y",1,157500,835380,35523
"5",0,"Revolving loans","F","Y","Y",2,126000,382500,19125
"6",0,"Revolving loans","F","N","Y",0,67500,135000,6750
"7",0,"Cash loans","M","Y","Y",0,112500,1288350,37800
"8",0,"Cash loans","M","N","Y",0,189000,332473.5,16299
"9",0,"Cash loans","F","N","Y",2,112500,723996,29614.5
"10",0,"Revolving loans","M","Y","Y",0,225000,450000,22500
"11",0,"Cash loans","F","N","N",2,247500,753840,21735
"12",0,"Revolving loans","M","N","Y",0,90000,270000,13500
"13",0,"Cash loans","M","N","Y",0,450000,711747,56362.5
"14",0,"Cash loans","F","N","Y",0,121500,103500,6741
"15",0,"Cash loans","F","N","Y",0,157500,521280,35392.5
"16",0,"Cash loans","F","N","N",0,157500,544491,20002.5
"17",0,"Cash loans","F","Y","Y",3,634500,1092690,61015.5
"18",0,"Cash loans","F","N","Y",0,135000,728460,38938.5
"19",0,"Cash loans","M","N","Y",1,202500,429763.5,31401
"20",0,"Cash loans","M","Y","Y",0,135000,270000,17383.5
"21",0,"Cash loans","F","N","N",1,360000,912240,35631
"22",0,"Cash loans","F","N","Y",1,171000,545040,25537.5
"23",0,"Cash loans","F","N","Y",1,112500,675000,24930
"24",0,"Cash loans","M","Y","Y",0,202500,599778,32665.5
"25",0,"Cash loans","M","N","Y",1,112500,432567,23593.5
"26",0,"Cash loans","M","Y","N",0,112500,450000,24412.5
"27",0,"Cash loans","M","N","N",1,90000,384048,18679.5
"28",0,"Cash loans","F","Y","Y",0,148500,490536,17748
"29",0,"Cash loans","F","Y","Y",0,90000,323388,18693
"30",0,"Cash loans","F","N","Y",0,90000,544491,15916.5
"31",0,"Cash loans","F","Y","Y",0,189000,1143000,33547.5
"32",0,"Cash loans","F","N","Y",0,81000,117000,12730.5
"33",0,"Cash loans","F","N","N",0,225000,742500,31590
"34",0,"Cash loans","M","Y","Y",0,270000,640080,31261.5
"35",0,"Cash loans","F","N","Y",2,67500,675000,24376.5
"36",0,"Cash loans","F","N","Y",0,67500,500211,28062
"37",0,"Cash loans","M","Y","N",0,108000,622188,22477.5
"38",0,"Cash loans","F","Y","Y",0,180000,1971072,62019
"39",0,"Cash loans","F","Y","N",0,67500,380533.5,14098.5
"40",0,"Cash loans","M","Y","Y",0,157500,296280,23539.5
"41",0,"Cash loans","F","Y","N",1,180000,647046,23899.5
"42",0,"Revolving loans","F","N","Y",0,67500,202500,10125
"43",0,"Cash loans","M","N","Y",1,67500,418500,15160.5
"44",0,"Cash loans","F","Y","Y",2,135000,993082.5,39514.5
"45",0,"Cash loans","M","Y","Y",1,58500,269550,21294
"46",0,"Revolving loans","F","N","N",0,121500,270000,13500
"47",0,"Cash loans","M","Y","N",0,270000,526491,22306.5
"48",0,"Cash loans","F","Y","Y",1,315000,592560,32274
"49",0,"Cash loans","M","N","N",0,202500,269550,21294
"50",0,"Cash loans","F","Y","Y",0,135000,979992,28782
"51",0,"Cash loans","F","N","N",0,180000,945000,25056
"52",0,"Cash loans","F","N","Y",0,135000,161730,12964.5
"53",0,"Cash loans","M","N","N",0,225000,454500,27936
"54",0,"Cash loans","F","Y","Y",0,270000,685386,54148.5
"55",0,"Cash loans","F","N","Y",0,202500,728460,57685.5
"56",1,"Cash loans","F","N","N",2,216000,545040,26509.5
"57",0,"Cash loans","F","N","Y",0,193500,728460,44694
"58",1,"Cash loans","M","N","N",2,157500,247275,19822.5
"59",0,"Cash loans","M","Y","Y",0,135000,251091,24457.5
"60",0,"Cash loans","M","N","N",0,67500,547344,19660.5
"61",0,"Cash loans","F","Y","Y",1,202500,1800000,62698.5
"62",0,"Revolving loans","F","Y","Y",2,202500,180000,9000
"63",1,"Cash loans","F","N","Y",0,112500,506889,33133.5
"64",1,"Cash loans","F","N","N",0,49500,441000,23922
"65",0,"Cash loans","M","Y","Y",0,180000,514602,58329
"66",0,"Cash loans","M","Y","Y",0,202500,254700,14350.5
"67",0,"Revolving loans","M","N","Y",0,225000,270000,13500
"68",0,"Cash loans","F","N","N",2,135000,355536,18153
"69",0,"Cash loans","F","Y","N",0,270000,679500,64516.5
"70",0,"Cash loans","F","N","Y",0,81000,284400,16011
"71",0,"Revolving loans","F","N","N",2,63000,180000,9000
"72",0,"Revolving loans","M","Y","Y",2,765000,540000,27000
"73",0,"Cash loans","F","N","Y",0,810000,675000,21906
"74",0,"Cash loans","F","N","Y",1,112500,127350,12532.5
"75",0,"Cash loans","M","Y","Y",1,270000,1104997.5,36648
"76",0,"Cash loans","F","N","Y",0,166500,1350000,37255.5
"77",0,"Cash loans","F","N","N",0,247500,755190,36459
"78",0,"Cash loans","M","Y","Y",0,180000,450000,27324
"79",0,"Cash loans","M","Y","Y",1,180000,1255680,41499
"80",0,"Cash loans","F","N","N",0,202500,225000,24363
"81",0,"Cash loans","F","N","N",0,128250,1350000,51421.5
"82",0,"Cash loans","M","Y","N",0,141457.5,420912,11101.5
"83",0,"Cash loans","M","Y","Y",1,306000,1078200,31653
"84",0,"Cash loans","F","N","Y",0,130500,521280,27423
"85",1,"Cash loans","F","N","Y",0,337500,781920,61906.5
"86",0,"Cash loans","F","N","N",0,117000,1195461,35082
"87",0,"Cash loans","M","N","Y",0,67500,107820,10017
"88",0,"Cash loans","F","N","N",1,157500,364896,17685
"89",0,"Cash loans","F","N","Y",0,135000,244584,16474.5
"90",0,"Cash loans","F","N","N",0,96750,954000,26235
"91",0,"Cash loans","F","N","Y",0,202500,533668.5,22738.5
"92",0,"Cash loans","F","Y","Y",3,90000,1125000,32895
"93",0,"Cash loans","M","N","Y",3,112500,675000,34596
"94",0,"Cash loans","F","Y","Y",0,209250,289597.5,14062.5
"95",0,"Cash loans","M","Y","Y",0,90000,436032,29268
"96",0,"Cash loans","M","Y","N",0,157500,862560,22882.5
"97",0,"Cash loans","M","N","N",1,130500,495000,26851.5
"98",0,"Cash loans","F","N","N",0,180000,328405.5,25920
"99",0,"Cash loans","F","N","Y",2,67500,215640,11290.5
"100",0,"Cash loans","F","N","N",0,180000,1762110,48586.5
"101",0,"Cash loans","F","N","Y",0,171000,1006920,39933
"102",0,"Cash loans","F","N","N",1,112500,508495.5,22527
"103",0,"Cash loans","F","N","N",0,121500,241618.5,22941
"104",0,"Cash loans","M","N","Y",0,90000,723996,34960.5
"105",0,"Cash loans","F","N","Y",0,315000,545040,20677.5
"106",0,"Cash loans","F","N","N",0,45000,225000,10953
"107",0,"Cash loans","F","N","Y",0,81000,1125000,32895
"108",1,"Cash loans","M","Y","N",0,166500,675000,36616.5
"109",0,"Cash loans","F","N","N",0,112500,592560,28638
"110",0,"Cash loans","M","Y","Y",1,225000,785398.5,40099.5
"111",0,"Cash loans","M","Y","Y",0,225000,1024740,49428
"112",0,"Cash loans","F","Y","Y",1,112500,922500,27103.5
"113",0,"Revolving loans","F","N","Y",0,112500,180000,9000
"114",0,"Cash loans","M","Y","Y",0,225000,873000,34105.5
"115",0,"Cash loans","F","N","Y",0,139500,715095,65718
"116",0,"Cash loans","F","N","Y",0,157500,1288350,37800
"117",0,"Cash loans","F","N","N",2,202500,1040463,36990
"118",0,"Cash loans","M","N","N",1,180000,405000,27396
"119",0,"Cash loans","F","N","Y",0,450000,260640,25906.5
"120",0,"Cash loans","F","N","Y",0,157500,592560,32274
"121",0,"Cash loans","F","N","N",0,63000,157500,6934.5
"122",0,"Cash loans","F","N","N",1,202500,760225.5,30280.5
"123",0,"Cash loans","M","Y","Y",0,90000,270000,14647.5
"124",0,"Cash loans","F","N","Y",0,157500,297130.5,13216.5
"125",0,"Cash loans","F","Y","N",1,360000,1535553,58617
"126",0,"Cash loans","F","N","Y",0,135000,1312110,52168.5
"127",0,"Cash loans","F","N","Y",0,328500,1035832.5,30285
"128",0,"Cash loans","M","N","Y",0,112500,792477,25695
"129",0,"Cash loans","M","Y","Y",0,270000,1762110,71901
"130",0,"Cash loans","F","N","N",0,130500,675000,20596.5
"131",0,"Revolving loans","M","Y","Y",2,9e+05,1237500,61875
"132",0,"Cash loans","F","N","Y",1,90000,675000,26284.5
"133",0,"Cash loans","F","N","N",1,135000,265851,19035
"134",0,"Cash loans","M","N","Y",0,180000,781920,43789.5
"135",0,"Cash loans","F","N","Y",0,225000,314100,13437
"136",0,"Cash loans","F","N","Y",0,157500,481500,16879.5
"137",0,"Cash loans","M","N","N",0,108000,367389,13743
"138",0,"Cash loans","F","Y","Y",1,270000,802773,47065.5
"139",0,"Cash loans","M","N","Y",0,81000,135000,13963.5
"140",0,"Cash loans","F","N","Y",0,225000,830214,24403.5
"141",0,"Cash loans","M","N","N",0,99000,272520,19957.5
"142",0,"Cash loans","F","N","Y",0,153000,1288350,37800
"143",0,"Cash loans","M","Y","Y",0,360000,616923,41355
"144",0,"Cash loans","M","N","Y",0,180000,545040,26509.5
"145",0,"Cash loans","F","N","Y",1,135000,942300,30528
"146",0,"Cash loans","F","Y","Y",0,202500,1485000,51745.5
"147",0,"Cash loans","F","N","N",0,135000,808650,21460.5
"148",0,"Cash loans","M","Y","Y",0,540000,678996,36963
"149",0,"Revolving loans","M","N","N",0,202500,180000,9000
"150",0,"Cash loans","M","Y","Y",0,202500,1113840,47322
"151",0,"Revolving loans","M","Y","Y",2,135000,135000,6750
"152",0,"Cash loans","M","Y","Y",0,315000,225000,24363
"153",0,"Cash loans","M","N","N",0,180000,1515100.5,39964.5
"154",0,"Cash loans","M","N","Y",2,112500,248877,16033.5
"155",0,"Cash loans","M","Y","Y",0,135000,460858.5,21613.5
"156",0,"Revolving loans","F","N","Y",0,58500,180000,9000
"157",0,"Cash loans","F","N","Y",0,144000,71955,7686
"158",0,"Cash loans","F","N","Y",0,157500,1078200,31653
"159",0,"Cash loans","M","N","Y",0,72000,192528,7384.5
"160",0,"Cash loans","M","N","Y",1,180000,755190,36459
"161",0,"Cash loans","F","N","Y",0,135000,518463,25218
"162",1,"Cash loans","M","N","N",2,135000,1203444,51120
"163",0,"Cash loans","M","Y","Y",1,180000,592560,35937
"164",0,"Cash loans","F","N","Y",1,67500,814041,23931
"165",0,"Cash loans","F","N","Y",3,180000,886090.5,35271
"166",1,"Cash loans","M","N","N",0,121500,192528,9495
"167",0,"Cash loans","F","N","Y",0,103500,142200,9387
"168",0,"Cash loans","F","Y","Y",1,157500,979992,28782
"169",0,"Cash loans","M","Y","Y",2,180000,354276,20466
"170",0,"Cash loans","M","Y","N",0,157500,545040,28894.5
"171",0,"Cash loans","F","N","Y",0,117000,630000,32296.5
"172",0,"Cash loans","M","N","N",1,360000,1256400,44644.5
"173",0,"Revolving loans","F","N","Y",2,112500,675000,33750
"174",0,"Cash loans","M","Y","Y",2,202500,67500,7087.5
"175",0,"Cash loans","M","Y","Y",0,162000,755190,29677.5
"176",0,"Cash loans","F","N","Y",1,157500,765000,30469.5
"177",1,"Cash loans","F","N","N",2,148500,679500,19867.5
"178",0,"Cash loans","F","Y","Y",0,67500,161730,11502
"179",0,"Cash loans","M","Y","Y",0,202500,270000,21645
"180",0,"Cash loans","M","Y","Y",1,135000,254700,27153
"181",0,"Cash loans","F","N","N",0,180000,679500,24070.5
"182",0,"Cash loans","M","Y","N",1,360000,607500,23670
"183",0,"Cash loans","M","N","Y",0,135000,199152,10296
"184",0,"Cash loans","F","N","N",1,157500,785398.5,35622
"185",0,"Cash loans","F","Y","Y",0,112500,385749,16474.5
"186",0,"Cash loans","F","N","Y",0,171000,1024740,52452
"187",0,"Cash loans","F","N","Y",0,96750,238896,19003.5
"188",1,"Cash loans","M","N","N",1,202500,1293502.5,37948.5
"189",0,"Cash loans","F","N","N",1,225000,364500,17725.5
"190",0,"Cash loans","M","N","Y",0,207000,1139845.5,48424.5
"191",0,"Cash loans","F","N","N",0,202500,536917.5,16276.5
"192",0,"Cash loans","M","Y","Y",0,157500,874363.5,44775
"193",0,"Cash loans","M","N","N",0,742500,1288350,34114.5
"194",0,"Cash loans","M","Y","N",0,157500,441000,21577.5
"195",0,"Cash loans","M","Y","Y",1,112500,314100,16164
"196",0,"Cash loans","F","N","Y",0,112500,9e+05,31887
"197",0,"Cash loans","M","Y","Y",0,135000,225000,12334.5
"198",0,"Cash loans","F","N","Y",0,126000,405000,19827
"199",0,"Cash loans","F","N","Y",0,180000,468333,34209
"200",0,"Cash loans","M","Y","Y",0,405000,318411,31621.5
"201",0,"Revolving loans","F","Y","Y",1,76500,135000,6750
"202",0,"Cash loans","F","N","Y",0,90000,129519,13401
"203",1,"Cash loans","M","N","Y",2,180000,211500,12910.5
"204",1,"Cash loans","F","N","Y",0,135000,269550,18891
"205",0,"Cash loans","F","N","Y",3,225000,239850,23364
"206",0,"Revolving loans","M","N","Y",1,247500,270000,13500
"207",0,"Cash loans","F","N","N",2,180000,360000,18508.5
"208",0,"Revolving loans","F","N","Y",0,90000,135000,6750
"209",0,"Cash loans","F","N","Y",2,90000,254700,18585
"210",0,"Cash loans","F","N","Y",0,135000,1350000,51552
"211",0,"Cash loans","F","N","N",0,90000,225000,18040.5
"212",0,"Cash loans","F","N","Y",1,202500,396171,15498
"213",1,"Cash loans","M","N","Y",0,103500,254700,20250
"214",0,"Cash loans","F","N","N",0,67500,170640,11236.5
"215",0,"Cash loans","M","Y","Y",0,360000,646776,47196
"216",0,"Cash loans","F","Y","Y",0,247500,835380,36927
"217",0,"Cash loans","F","N","Y",0,99000,1350000,37255.5
"218",0,"Cash loans","F","N","N",1,45000,152820,16344
"219",0,"Cash loans","M","N","Y",0,360000,2215224,58567.5
"220",0,"Cash loans","F","Y","N",0,225000,281493,19719
"221",0,"Cash loans","F","N","N",0,90000,284400,16011
"222",0,"Cash loans","M","N","Y",0,225000,1260000,34650
"223",0,"Revolving loans","F","N","Y",0,67500,180000,9000
"224",0,"Cash loans","F","N","Y",0,103500,263686.5,15268.5
"225",1,"Cash loans","F","N","Y",2,72000,509602.5,30924
"226",0,"Cash loans","F","N","N",0,112500,251280,11196
"227",0,"Revolving loans","M","Y","Y",1,157500,270000,13500
"228",0,"Cash loans","F","N","N",0,135000,328500,34987.5
"229",0,"Cash loans","M","Y","Y",1,180000,503266.5,59854.5
"230",0,"Cash loans","F","Y","Y",2,144000,339948,38448
"231",0,"Cash loans","F","N","Y",1,202500,762547.5,72531
"232",0,"Cash loans","F","N","Y",0,166500,824823,22810.5
"233",0,"Cash loans","F","N","N",0,180000,528633,20133
"234",0,"Cash loans","F","N","Y",0,135000,808650,23773.5
"235",0,"Cash loans","M","Y","N",1,112500,254700,14350.5
"236",0,"Cash loans","F","N","Y",0,112500,594261,33313.5
"237",0,"Revolving loans","M","N","Y",3,225000,180000,9000
"238",0,"Cash loans","F","N","Y",0,112500,585000,24916.5
"239",0,"Cash loans","M","Y","N",0,135000,1260000,36841.5
"240",0,"Cash loans","F","Y","Y",0,180000,1797354,47412
"241",0,"Cash loans","F","N","N",0,90000,334152,17059.5
"242",0,"Cash loans","M","Y","N",1,243000,454500,14661
"243",0,"Revolving loans","F","N","Y",0,234000,1237500,61875
"244",0,"Cash loans","M","Y","Y",0,202500,183784.5,16983
"245",0,"Cash loans","M","Y","N",0,202500,1006920,40063.5
"246",0,"Cash loans","F","N","N",0,103500,808650,24601.5
"247",0,"Cash loans","F","N","Y",0,112500,808650,23773.5
"248",0,"Revolving loans","F","N","Y",0,117000,270000,13500
"249",0,"Cash loans","F","N","Y",1,225000,823360.5,58684.5
"250",0,"Cash loans","F","N","N",0,67500,601470,25614
"251",0,"Cash loans","F","N","Y",1,112500,319500,25371
"252",0,"Cash loans","F","Y","Y",1,135000,1061599.5,31171.5
"253",1,"Cash loans","F","Y","Y",1,270000,1762110,48586.5
"254",0,"Cash loans","M","Y","Y",0,103500,312768,16096.5
"255",0,"Cash loans","F","N","Y",1,135000,1042560,32863.5
"256",0,"Cash loans","F","Y","Y",2,90000,450000,23107.5
"257",0,"Cash loans","F","N","Y",0,90000,808650,23175
"258",0,"Cash loans","F","N","Y",0,292500,835380,42781.5
"259",0,"Cash loans","F","N","Y",0,67500,427869,24021
"260",0,"Cash loans","F","N","Y",0,112500,467257.5,17743.5
"261",0,"Revolving loans","M","Y","N",1,180000,225000,11250
"262",0,"Cash loans","M","Y","Y",3,202500,891072,40396.5
"263",0,"Cash loans","M","N","Y",2,225000,450000,29430
"264",1,"Cash loans","M","Y","N",0,315000,1215000,38151
"265",0,"Cash loans","F","N","Y",0,202500,436032,20457
"266",0,"Cash loans","M","Y","Y",0,135000,299250,8356.5
"267",0,"Revolving loans","M","Y","Y",0,261000,495000,24750
"268",0,"Cash loans","M","Y","Y",0,117000,835605,27085.5
"269",0,"Cash loans","F","N","Y",0,180000,1724688,52420.5
"270",0,"Cash loans","M","N","Y",0,117000,592560,25236
"271",0,"Revolving loans","F","N","Y",1,135000,180000,9000
"272",0,"Cash loans","F","N","Y",2,112500,790434,33619.5
"273",0,"Cash loans","F","N","Y",0,135000,207000,16146
"274",0,"Cash loans","F","N","Y",0,99000,1762110,48586.5
"275",0,"Cash loans","F","N","Y",3,67500,314100,16573.5
"276",0,"Cash loans","F","N","N",0,112500,314100,16033.5
"277",0,"Cash loans","F","Y","N",2,220500,781920,34443
"278",0,"Cash loans","F","N","Y",0,180000,508495.5,20295
"279",0,"Cash loans","M","Y","Y",0,202500,640080,31261.5
"280",0,"Cash loans","M","Y","N",0,135000,225000,25447.5
"281",0,"Cash loans","M","N","Y",0,157500,288873,13594.5
"282",0,"Cash loans","F","N","Y",2,157500,612612,24426
"283",0,"Cash loans","F","N","Y",0,112500,454500,16974
"284",0,"Cash loans","M","Y","Y",0,90000,755190,34992
"285",0,"Cash loans","F","N","N",0,225000,808650,26217
"286",0,"Revolving loans","F","N","Y",0,157500,450000,22500
"287",0,"Cash loans","F","N","Y",0,135000,276277.5,19228.5
"288",0,"Cash loans","F","N","Y",2,157500,547344,28075.5
"289",0,"Cash loans","F","N","Y",2,189000,298512,29524.5
"290",0,"Cash loans","F","Y","Y",0,225000,1125000,40410
"291",0,"Cash loans","M","Y","N",0,247500,1666746,48735
"292",0,"Cash loans","F","N","Y",0,112500,326664,17851.5
"293",0,"Cash loans","M","Y","Y",0,218250,269550,19300.5
"294",0,"Cash loans","F","N","Y",0,112500,526500,36774
"295",0,"Cash loans","F","Y","Y",0,405000,360000,23134.5
"296",0,"Cash loans","F","N","Y",0,157500,312768,24840
"297",0,"Cash loans","M","N","Y",0,270000,9e+05,46084.5
"298",0,"Cash loans","F","Y","N",0,81000,544491,17563.5
"299",0,"Revolving loans","M","Y","Y",1,157500,180000,9000
"300",0,"Cash loans","F","Y","Y",0,270000,9e+05,45954
"301",0,"Cash loans","F","N","Y",0,135000,1174500,38947.5
"302",0,"Revolving loans","F","N","Y",0,67500,180000,9000
"303",0,"Cash loans","M","Y","Y",1,135000,521280,28408.5
"304",0,"Cash loans","M","N","Y",0,238500,545040,31288.5
"305",0,"Cash loans","M","Y","Y",1,202500,619965,22905
"306",0,"Cash loans","M","Y","Y",1,180000,339241.5,15943.5
"307",0,"Cash loans","F","N","Y",0,112500,450000,22018.5
"308",0,"Cash loans","M","Y","Y",1,112500,450000,22018.5
"309",1,"Cash loans","F","N","Y",0,90000,755190,38686.5
"310",0,"Cash loans","F","N","N",0,157500,254700,24939
"311",0,"Cash loans","F","N","Y",0,175500,1002870,42619.5
"312",0,"Cash loans","M","Y","Y",0,135000,528633,22527
"313",0,"Cash loans","F","N","Y",1,382500,835380,40320
"314",0,"Cash loans","F","N","Y",0,121500,239850,23364
"315",0,"Cash loans","F","N","N",0,101700,997974,39708
"316",0,"Cash loans","F","N","Y",0,90000,207306,10102.5
"317",0,"Cash loans","F","N","N",2,112500,9e+05,46084.5
"318",0,"Cash loans","F","N","Y",0,135000,1350000,37255.5
"319",0,"Cash loans","M","Y","Y",0,135000,605439,31041
"320",0,"Cash loans","F","N","Y",0,315000,568512,56358
"321",0,"Cash loans","F","N","Y",0,225000,1102500,36567
"322",0,"Cash loans","F","N","Y",1,126000,292500,19674
"323",0,"Cash loans","F","N","Y",0,112500,942300,27549
"324",0,"Cash loans","F","N","Y",0,270000,247500,25488
"325",0,"Cash loans","F","N","Y",0,157500,848745,40963.5
"326",0,"Cash loans","F","N","N",0,135000,1546020,40914
"327",0,"Cash loans","M","N","N",0,225000,495000,15138
"328",0,"Cash loans","F","Y","Y",1,135000,545040,25407
"329",0,"Cash loans","F","N","Y",0,112500,312768,16506
"330",0,"Cash loans","F","N","Y",2,121500,743031,39717
"331",0,"Cash loans","M","Y","N",1,126000,506889,19237.5
"332",0,"Cash loans","M","Y","Y",1,202500,481495.5,36130.5
"333",0,"Cash loans","F","Y","N",0,270000,781920,24682.5
"334",0,"Cash loans","F","N","Y",0,166500,270000,25897.5
"335",0,"Cash loans","F","N","Y",0,315000,781920,24970.5
"336",0,"Cash loans","M","Y","Y",0,157500,634887,32544
"337",0,"Cash loans","F","N","Y",0,90000,922500,27103.5
"338",0,"Cash loans","F","Y","Y",0,261000,479974.5,24637.5
"339",0,"Cash loans","F","N","Y",1,135000,679500,19998
"340",0,"Cash loans","M","Y","N",1,450000,545040,25407
"341",0,"Cash loans","F","N","Y",0,135000,521280,25209
"342",0,"Cash loans","F","N","N",1,90000,1078200,28570.5
"343",0,"Cash loans","F","N","N",0,315000,1042560,53091
"344",0,"Cash loans","M","Y","Y",0,360000,582768,46174.5
"345",0,"Cash loans","F","N","Y",2,540000,2156400,59301
"346",0,"Cash loans","F","Y","Y",0,202500,1024740,45139.5
"347",0,"Cash loans","M","Y","Y",0,225000,1223010,48631.5
"348",0,"Cash loans","F","Y","Y",1,126000,9e+05,35824.5
"349",1,"Cash loans","F","Y","Y",0,270000,1024740,49428
"350",0,"Cash loans","F","N","Y",0,141750,808650,23773.5
"351",0,"Cash loans","M","N","Y",0,135000,341280,24961.5
"352",0,"Cash loans","M","Y","N",0,292500,545040,26640
"353",0,"Cash loans","F","N","N",0,202500,755190,29677.5
"354",0,"Cash loans","M","Y","Y",1,180000,1042560,37575
"355",0,"Cash loans","M","Y","Y",3,225000,675000,24799.5
"356",1,"Cash loans","F","Y","Y",0,126000,284427,20826
"357",0,"Cash loans","F","N","N",0,90000,225000,14508
"358",0,"Cash loans","F","Y","Y",0,360000,1569051,54540
"359",0,"Revolving loans","F","N","Y",0,112500,337500,16875
"360",0,"Cash loans","F","N","Y",0,202500,502497,36693
"361",1,"Cash loans","F","Y","Y",0,112500,225000,24232.5
"362",0,"Cash loans","M","N","N",0,135000,568057.5,21766.5
"363",0,"Cash loans","F","N","Y",1,157500,1223010,51948
"364",0,"Cash loans","F","Y","Y",0,225000,229365,24831
"365",0,"Revolving loans","F","N","Y",2,135000,810000,40500
"366",0,"Cash loans","F","N","Y",0,135000,1006920,40063.5
"367",0,"Revolving loans","F","N","Y",0,180000,315000,15750
"368",0,"Cash loans","F","Y","Y",0,202500,1467612,62311.5
"369",0,"Cash loans","F","N","N",0,144000,337500,22554
"370",0,"Cash loans","F","N","Y",0,90000,309420,14553
"371",0,"Cash loans","M","N","N",0,90000,130365,8460
"372",0,"Cash loans","M","Y","Y",0,247500,781920,47965.5
"373",0,"Cash loans","F","N","N",0,112500,770292,30676.5
"374",0,"Cash loans","F","N","Y",0,85500,119925,12852
"375",0,"Cash loans","F","Y","Y",0,180000,1255680,41629.5
"376",0,"Cash loans","M","N","Y",0,157500,700830,20619
"377",0,"Cash loans","M","N","Y",1,135000,948582,27864
"378",0,"Cash loans","F","N","Y",0,112500,630000,18549
"379",0,"Cash loans","F","Y","N",2,225000,619965,16483.5
"380",0,"Cash loans","M","N","Y",0,225000,1125000,44617.5
"381",0,"Cash loans","M","N","Y",0,121500,935626.5,37233
"382",0,"Cash loans","F","Y","N",0,256500,9e+05,26316
"383",0,"Cash loans","F","N","Y",0,112500,654498,28957.5
"384",0,"Cash loans","M","Y","N",0,157500,1125000,37309.5
"385",1,"Revolving loans","F","N","N",0,112500,337500,16875
"386",0,"Revolving loans","M","N","Y",0,130500,382500,19125
"387",0,"Cash loans","F","N","N",0,90000,1006920,39933
"388",0,"Cash loans","F","N","Y",1,202500,238500,12307.5
"389",0,"Cash loans","F","N","Y",0,135000,1044000,34632
"390",0,"Cash loans","F","N","Y",3,180000,1489333.5,40954.5
"391",0,"Cash loans","F","N","Y",0,225000,585000,41733
"392",0,"Cash loans","F","N","Y",0,99000,528633,25560
"393",0,"Cash loans","M","Y","Y",1,180000,1650771,50179.5
"394",0,"Cash loans","M","N","N",0,90000,592560,22090.5
"395",0,"Cash loans","F","N","Y",0,90000,269550,14751
"396",0,"Revolving loans","M","N","N",0,76500,180000,9000
"397",0,"Cash loans","F","N","N",1,126000,675040.5,41427
"398",0,"Cash loans","F","Y","N",2,157500,474048,17568
"399",0,"Cash loans","F","N","Y",0,135000,157500,10336.5
"400",0,"Cash loans","F","N","N",0,63000,227493,14836.5
"401",0,"Revolving loans","F","N","Y",0,207000,585000,29250
"402",1,"Cash loans","M","N","Y",0,121500,497520,52920
"403",0,"Cash loans","F","N","N",0,36000,95940,9342
"404",0,"Cash loans","M","Y","N",0,270000,1138500,32755.5
"405",1,"Cash loans","F","N","N",0,157500,1800000,62568
"406",0,"Cash loans","F","N","Y",0,135000,840996,24588
"407",0,"Cash loans","M","N","Y",0,157500,315000,24507
"408",0,"Cash loans","F","N","Y",0,112500,675000,21906
"409",0,"Revolving loans","M","Y","N",0,103500,180000,9000
"410",0,"Cash loans","F","N","N",0,157500,426645,18922.5
"411",0,"Cash loans","F","N","Y",0,180000,409500,29970
"412",0,"Revolving loans","F","N","N",2,81000,180000,9000
"413",1,"Cash loans","M","N","Y",0,135000,521280,31630.5
"414",0,"Cash loans","M","Y","Y",0,144000,1056447,31018.5
"415",0,"Cash loans","F","Y","N",1,202500,781920,24682.5
"416",0,"Cash loans","F","N","N",0,202500,1174090.5,49873.5
"417",0,"Cash loans","F","N","N",0,166500,450000,53406
"418",0,"Cash loans","M","Y","N",1,90000,47970,5296.5
"419",0,"Cash loans","M","N","Y",0,117000,852088.5,33921
"420",0,"Revolving loans","F","N","Y",1,90000,180000,9000
"421",0,"Cash loans","M","N","N",1,112500,196677,23341.5
"422",0,"Revolving loans","F","N","N",0,90000,202500,10125
"423",0,"Cash loans","F","N","Y",0,157500,808650,26217
"424",0,"Cash loans","M","Y","Y",0,112500,269550,12001.5
"425",0,"Cash loans","M","N","N",0,90000,314055,16164
"426",0,"Cash loans","M","Y","N",0,103500,986274,28966.5
"427",1,"Cash loans","M","N","N",0,166500,477175.5,46615.5
"428",0,"Cash loans","M","Y","Y",0,202500,1350000,69903
"429",1,"Cash loans","F","N","Y",0,90000,490536,38884.5
"430",0,"Cash loans","F","N","Y",0,180000,765261,32553
"431",0,"Cash loans","M","Y","Y",0,247500,1546020,40914
"432",0,"Cash loans","F","N","Y",0,90000,208512,21496.5
"433",0,"Cash loans","M","Y","Y",0,112500,112500,12244.5
"434",0,"Revolving loans","F","N","Y",0,157500,135000,6750
"435",0,"Cash loans","M","Y","Y",0,225000,1787283,49279.5
"436",0,"Cash loans","M","N","Y",0,121500,107820,8473.5
"437",0,"Cash loans","F","N","N",1,157500,152820,17370
"438",0,"Revolving loans","F","Y","Y",0,112500,225000,11250
"439",0,"Cash loans","F","Y","Y",3,94500,630747,26644.5
"440",0,"Cash loans","F","N","Y",1,162000,148500,15723
"441",0,"Cash loans","F","N","Y",1,157500,675000,21906
"442",0,"Cash loans","F","Y","Y",1,135000,840951,35761.5
"443",0,"Revolving loans","M","Y","Y",0,49500,202500,10125
"444",0,"Cash loans","F","N","N",0,67500,298512,16798.5
"445",0,"Cash loans","F","N","N",0,90000,360000,24187.5
"446",0,"Cash loans","F","N","Y",0,180000,990000,93996
"447",0,"Cash loans","F","N","Y",2,81000,675000,24799.5
"448",1,"Cash loans","F","N","Y",1,90000,225000,24363
"449",0,"Cash loans","M","Y","Y",1,157500,450000,48595.5
"450",0,"Cash loans","F","N","N",1,81000,315000,21924
"451",0,"Cash loans","F","N","Y",1,112500,723996,34960.5
"452",0,"Cash loans","F","Y","Y",0,270000,1325475,56290.5
"453",0,"Cash loans","M","Y","N",1,225000,604152,23769
"454",0,"Cash loans","M","N","N",0,180000,1174977,33804
"455",0,"Cash loans","F","Y","N",0,337500,808650,26217
"456",0,"Revolving loans","F","N","Y",2,67500,202500,10125
"457",0,"Cash loans","M","Y","Y",0,337500,1195101,66861
"458",1,"Cash loans","F","N","Y",0,112500,398016,20736
"459",0,"Cash loans","F","N","Y",0,157500,622188,25110
"460",0,"Cash loans","F","N","Y",0,108000,942300,27679.5
"461",0,"Cash loans","F","N","Y",0,112500,271066.5,21546
"462",0,"Cash loans","F","N","N",0,67500,339948,24304.5
"463",0,"Cash loans","F","Y","Y",0,81000,302341.5,13446
"464",0,"Cash loans","F","N","Y",0,180000,540000,21415.5
"465",0,"Cash loans","F","N","Y",1,108000,291384,20722.5
"466",0,"Cash loans","F","N","Y",1,103500,177903,13905
"467",0,"Cash loans","M","N","Y",2,135000,1762110,51651
"468",0,"Cash loans","F","N","Y",0,144000,583834.5,23440.5
"469",0,"Cash loans","F","N","Y",0,225000,545040,20677.5
"470",1,"Cash loans","M","N","N",2,157500,238500,15385.5
"471",1,"Cash loans","M","N","N",0,99000,225000,15349.5
"472",1,"Cash loans","F","N","Y",0,360000,1520451,40239
"473",0,"Cash loans","F","N","N",2,72000,808650,26086.5
"474",0,"Cash loans","F","N","Y",0,72000,509400,28575
"475",0,"Revolving loans","F","N","Y",2,270000,450000,22500
"476",0,"Cash loans","F","N","N",2,90000,463284,23661
"477",0,"Cash loans","M","Y","Y",0,225000,288873,22950
"478",0,"Cash loans","M","Y","Y",1,184500,500490,48888
"479",0,"Revolving loans","M","N","Y",0,90000,247500,12375
"480",0,"Cash loans","F","N","Y",0,67500,112585.5,6286.5
"481",0,"Cash loans","F","Y","N",0,225000,1339884,43353
"482",0,"Cash loans","M","N","N",0,157500,651600,30325.5
"483",0,"Cash loans","F","Y","N",0,90000,1024740,55588.5
"484",0,"Cash loans","M","N","Y",0,166500,447768,28615.5
"485",0,"Cash loans","F","N","Y",0,135000,135000,10224
"486",0,"Cash loans","M","N","Y",0,202500,592560,31153.5
"487",0,"Cash loans","F","N","Y",0,225000,1731901.5,47754
"488",0,"Cash loans","M","N","Y",0,112500,229500,23643
"489",0,"Cash loans","M","N","Y",0,202500,1185120,39298.5
"490",0,"Cash loans","F","N","Y",1,135000,47970,5220
"491",0,"Cash loans","F","N","Y",0,135000,152820,12204
"492",0,"Cash loans","M","N","N",0,85500,450000,11871
"493",0,"Revolving loans","F","N","Y",0,135000,247500,12375
"494",0,"Cash loans","F","Y","Y",1,360000,536917.5,28737
"495",0,"Cash loans","F","N","Y",0,157500,640080,29970
"496",1,"Cash loans","F","Y","Y",0,216000,550467,26901
"497",0,"Revolving loans","M","Y","N",1,157500,270000,13500
"498",0,"Cash loans","M","Y","Y",0,157500,630216,21708
"499",0,"Cash loans","F","N","Y",0,135000,107820,8343
"500",0,"Cash loans","F","N","Y",0,90000,512064,19431
"501",0,"Cash loans","F","Y","N",0,157500,619965,17046
"502",0,"Cash loans","M","Y","Y",1,180000,891072,42997.5
"503",0,"Cash loans","M","Y","Y",2,90000,90000,9823.5
"504",0,"Cash loans","F","N","Y",0,135000,148500,7272
"505",0,"Cash loans","F","N","Y",0,153000,270000,26433
"506",0,"Cash loans","F","N","N",1,117000,562491,23962.5
"507",0,"Cash loans","M","Y","Y",2,180000,1054935,41967
"508",0,"Cash loans","M","Y","Y",0,144000,961146,31135.5
"509",0,"Cash loans","F","N","Y",0,135000,612612,24426
"510",0,"Cash loans","M","Y","Y",1,157500,288873,16713
"511",1,"Cash loans","M","N","Y",1,112500,225000,13045.5
"512",0,"Cash loans","M","N","Y",0,111600,439740,21154.5
"513",0,"Revolving loans","F","N","Y",1,135000,270000,13500
"514",0,"Revolving loans","F","Y","Y",1,67500,180000,9000
"515",0,"Cash loans","F","N","Y",1,157500,9e+05,26446.5
"516",0,"Cash loans","F","N","Y",0,157500,328405.5,15930
"517",0,"Cash loans","F","Y","Y",0,180000,917451,28804.5
"518",0,"Cash loans","F","N","N",0,184500,9e+05,57649.5
"519",0,"Cash loans","F","Y","Y",1,202500,641173.5,28242
"520",0,"Revolving loans","F","N","Y",0,112500,180000,9000
"521",0,"Cash loans","M","N","Y",0,202500,622413,31909.5
"522",0,"Cash loans","F","N","Y",0,130500,152820,14886
"523",0,"Cash loans","F","N","Y",0,42750,95940,9472.5
"524",0,"Cash loans","F","Y","Y",0,112500,307152,19759.5
"525",0,"Cash loans","M","N","N",0,67500,490495.5,25047
"526",0,"Cash loans","F","N","Y",0,135000,315000,9549
"527",0,"Cash loans","M","N","N",0,67500,284400,19134
"528",0,"Cash loans","F","N","Y",0,135000,702000,23328
"529",0,"Cash loans","M","Y","Y",0,675000,675000,26284.5
"530",0,"Cash loans","M","N","Y",2,112500,183784.5,14350.5
"531",0,"Cash loans","F","N","Y",0,103500,121500,9211.5
"532",0,"Cash loans","F","N","Y",0,202500,948816,27873
"533",0,"Cash loans","M","Y","N",0,180000,239850,28593
"534",0,"Cash loans","M","Y","N",0,211500,225000,26833.5
"535",0,"Revolving loans","F","N","Y",2,112500,270000,13500
"536",0,"Cash loans","F","N","N",1,202500,765000,34569
"537",1,"Cash loans","M","Y","Y",0,337500,904500,29178
"538",0,"Cash loans","F","N","Y",0,76500,598486.5,21496.5
"539",0,"Cash loans","F","N","Y",1,180000,479353.5,38002.5
"540",0,"Cash loans","F","Y","N",0,157500,232344,11308.5
"541",0,"Cash loans","F","N","Y",0,135000,150948,10633.5
"542",0,"Cash loans","F","N","N",1,144000,225000,16002
"543",0,"Cash loans","F","N","Y",0,202500,547344,26460
"544",1,"Cash loans","F","N","Y",0,103500,327024,21982.5
"545",0,"Cash loans","F","N","Y",0,42750,269550,12001.5
"546",0,"Cash loans","M","N","Y",0,341973,2013840,50908.5
"547",0,"Cash loans","F","N","Y",0,135000,1006920,42790.5
"548",0,"Cash loans","F","Y","Y",0,144000,953941.5,31657.5
"549",0,"Cash loans","F","N","N",1,180000,922500,24331.5
"550",0,"Cash loans","F","Y","Y",2,292500,781920,34573.5
"551",0,"Cash loans","M","N","Y",0,171000,512064,25033.5
"552",0,"Cash loans","M","Y","Y",0,180000,9e+05,48955.5
"553",0,"Cash loans","F","N","Y",0,45000,526491,17239.5
"554",0,"Cash loans","F","N","Y",0,117000,247275,17716.5
"555",0,"Cash loans","F","N","Y",1,202500,835380,33259.5
"556",0,"Cash loans","F","Y","Y",0,157500,1047771,37764
"557",0,"Cash loans","M","N","N",0,270000,828000,42408
"558",0,"Cash loans","M","N","N",0,166500,143910,16236
"559",0,"Cash loans","M","N","N",0,355500,675000,49117.5
"560",0,"Cash loans","F","N","N",0,189000,835380,36927
"561",0,"Cash loans","M","Y","N",0,157500,1546020,42511.5
"562",1,"Cash loans","M","N","N",1,225000,450000,30204
"563",0,"Cash loans","F","Y","Y",1,360000,1042560,34587
"564",0,"Cash loans","F","N","N",0,135000,452385,27675
"565",0,"Cash loans","F","N","Y",0,90000,107820,8775
"566",0,"Cash loans","F","N","Y",0,90000,109008,6799.5
"567",0,"Cash loans","F","Y","N",2,135000,640080,29970
"568",0,"Cash loans","M","N","Y",0,162000,202500,10336.5
"569",0,"Cash loans","M","N","Y",1,157500,888840,37494
"570",0,"Cash loans","M","Y","Y",0,90000,270000,28480.5
"571",0,"Cash loans","M","Y","N",0,180000,545040,26509.5
"572",1,"Cash loans","F","N","N",0,31950,508495.5,20839.5
"573",0,"Cash loans","M","Y","Y",0,540000,1249740,64840.5
"574",0,"Cash loans","M","Y","N",1,112500,568800,15133.5
"575",0,"Cash loans","F","N","N",0,112500,657702,19228.5
"576",0,"Cash loans","F","N","Y",0,270000,1241968.5,40194
"577",0,"Cash loans","F","N","Y",0,112500,765000,32539.5
"578",0,"Cash loans","M","N","Y",0,121500,1056447,29182.5
"579",0,"Cash loans","F","N","Y",0,112500,675000,21906
"580",0,"Cash loans","F","Y","N",0,112500,360000,10912.5
"581",0,"Cash loans","F","N","Y",0,247500,717003,23260.5
"582",0,"Cash loans","F","N","N",0,45000,148500,9103.5
"583",0,"Cash loans","F","N","Y",0,180000,450000,21109.5
"584",0,"Cash loans","F","N","N",0,202500,582804,29754
"585",0,"Cash loans","F","N","N",0,157500,1057500,29079
"586",0,"Cash loans","F","N","Y",0,360000,1078200,31522.5
"587",0,"Cash loans","M","N","Y",0,157500,547344,29160
"588",0,"Cash loans","F","Y","N",0,270000,407520,32197.5
"589",0,"Cash loans","F","N","N",0,117000,204858,17653.5
"590",0,"Cash loans","F","N","Y",0,90000,355536,15790.5
"591",0,"Cash loans","M","Y","Y",0,180000,338832,16299
"592",0,"Revolving loans","F","N","Y",0,90000,180000,9000
"593",0,"Cash loans","M","N","Y",0,112500,225000,15165
"594",0,"Cash loans","M","Y","Y",0,112500,332946,18189
"595",0,"Cash loans","M","Y","Y",1,180000,491211,50463
"596",0,"Cash loans","F","N","Y",0,81000,89019,6322.5
"597",0,"Cash loans","F","N","Y",1,90000,1205451,39969
"598",0,"Revolving loans","F","Y","Y",1,180000,405000,20250
"599",0,"Revolving loans","M","Y","Y",0,225000,720000,36000
"600",0,"Revolving loans","F","N","Y",1,67500,202500,10125
"601",0,"Cash loans","M","N","Y",0,171000,1051294.5,30870
"602",0,"Cash loans","M","Y","N",0,180000,2250000,70650
"603",0,"Cash loans","F","Y","Y",0,148500,431122.5,42642
"604",0,"Revolving loans","F","N","N",0,54000,225000,11250
"605",0,"Cash loans","F","Y","Y",1,180000,305221.5,15934.5
"606",0,"Cash loans","M","N","Y",0,135000,295668,10750.5
"607",0,"Cash loans","F","N","Y",2,99000,573628.5,27724.5
"608",0,"Cash loans","F","Y","N",0,112500,512145,27783
"609",0,"Cash loans","M","N","N",0,180000,573628.5,22747.5
"610",0,"Cash loans","M","N","Y",0,337500,450000,36081
"611",0,"Cash loans","F","N","Y",2,216000,878733,25690.5
"612",0,"Cash loans","F","N","Y",0,198000,254700,14751
"613",0,"Cash loans","F","N","Y",0,157500,485640,39069
"614",0,"Cash loans","M","Y","Y",1,180000,178290,21289.5
"615",0,"Cash loans","F","N","N",0,157500,378000,14377.5
"616",0,"Cash loans","F","Y","Y",0,225000,1350000,37255.5
"617",0,"Cash loans","F","N","Y",0,126000,754740,24475.5
"618",1,"Cash loans","F","N","N",0,63000,508495.5,24462
"619",0,"Cash loans","F","N","Y",0,315000,499500,48789
"620",0,"Revolving loans","F","Y","Y",3,166500,405000,20250
"621",0,"Cash loans","M","N","Y",0,148500,148707,14836.5
"622",0,"Cash loans","F","N","N",1,81000,598486.5,19908
"623",0,"Cash loans","M","N","N",0,121500,545040,25407
"624",0,"Cash loans","F","N","Y",0,49500,177903,12510
"625",0,"Cash loans","F","N","N",0,180000,457834.5,22396.5
"626",0,"Cash loans","M","N","Y",0,247500,824823,29353.5
"627",0,"Cash loans","M","Y","Y",0,90000,286704,15682.5
"628",0,"Cash loans","F","N","N",0,121500,612612,24426
"629",1,"Cash loans","M","Y","N",0,112500,521280,28408.5
"630",0,"Cash loans","F","Y","Y",2,112500,180000,15579
"631",0,"Cash loans","F","N","Y",0,202500,9e+05,26316
"632",0,"Cash loans","F","Y","N",1,166500,640080,29970
"633",0,"Revolving loans","F","N","Y",1,45000,135000,6750
"634",1,"Revolving loans","M","Y","Y",0,180000,270000,13500
"635",0,"Cash loans","F","N","Y",0,67500,263686.5,14044.5
"636",0,"Cash loans","F","N","Y",0,40500,284400,13963.5
"637",0,"Cash loans","F","Y","Y",1,81000,397881,31563
"638",0,"Cash loans","F","N","Y",0,121500,1078200,34911
"639",0,"Cash loans","F","N","Y",0,121500,533668.5,25803
"640",0,"Cash loans","F","N","Y",0,45000,254700,14350.5
"641",1,"Cash loans","M","N","N",0,180000,771493.5,31419
"642",0,"Cash loans","M","Y","N",1,202500,697500,39078
"643",0,"Cash loans","F","N","Y",0,112500,227520,12834
"644",0,"Cash loans","M","Y","Y",0,225000,521280,26743.5
"645",0,"Cash loans","M","N","N",0,139500,246357,26662.5
"646",0,"Cash loans","F","Y","Y",2,90000,787500,23157
"647",0,"Revolving loans","M","Y","Y",0,112500,270000,13500
"648",0,"Cash loans","F","N","N",0,112500,467257.5,17743.5
"649",0,"Cash loans","F","Y","Y",0,202500,659610,21406.5
"650",0,"Cash loans","F","N","Y",0,90000,283419,15952.5
"651",0,"Cash loans","F","N","Y",0,135000,1288350,37665
"652",0,"Cash loans","F","N","N",2,135000,755190,36459
"653",0,"Cash loans","M","N","Y",0,135000,728460,44694
"654",0,"Cash loans","F","N","Y",0,265500,781920,42417
"655",0,"Cash loans","F","Y","Y",0,112500,323388,16906.5
"656",0,"Cash loans","F","N","Y",0,157500,640080,24259.5
"657",0,"Cash loans","F","Y","Y",0,225000,1451047.5,53905.5
"658",0,"Cash loans","F","N","Y",1,67500,180000,8059.5
"659",0,"Cash loans","M","Y","Y",1,360000,1300882.5,43123.5
"660",0,"Cash loans","M","N","N",3,202500,727785,20988
"661",0,"Cash loans","F","N","Y",0,112500,143910,14148
"662",1,"Cash loans","M","N","Y",0,126000,495985.5,24255
"663",0,"Cash loans","F","N","Y",0,157500,585000,17235
"664",0,"Cash loans","F","N","Y",0,49500,270000,15075
"665",0,"Cash loans","M","N","Y",1,112500,755190,36459
"666",0,"Cash loans","F","N","Y",0,180000,1125000,32895
"667",0,"Cash loans","M","Y","Y",0,153000,254700,25321.5
"668",0,"Cash loans","F","N","Y",0,135000,1256400,36864
"669",0,"Cash loans","M","N","Y",2,405000,1436850,46480.5
"670",0,"Cash loans","M","N","Y",2,225000,790830,52848
"671",0,"Cash loans","F","N","Y",1,157500,450000,22018.5
"672",0,"Cash loans","M","Y","N",0,157500,517500,15129
"673",0,"Cash loans","F","N","Y",0,144000,490005,26581.5
"674",0,"Cash loans","F","Y","N",0,180000,9e+05,26316
"675",0,"Cash loans","F","N","N",0,135000,835380,35523
"676",0,"Cash loans","F","N","Y",0,225000,953010,51831
"677",0,"Revolving loans","M","N","Y",0,225000,675000,33750
"678",0,"Cash loans","F","N","Y",1,126000,473760,49878
"679",0,"Cash loans","F","N","Y",1,180000,1546020,45202.5
"680",0,"Cash loans","F","Y","Y",0,202500,1546020,42642
"681",0,"Cash loans","F","N","N",0,90000,545040,16524
"682",0,"Cash loans","F","N","Y",1,135000,675000,36616.5
"683",0,"Cash loans","F","Y","N",0,337500,1575000,41679
"684",0,"Cash loans","F","N","Y",0,72000,91647,4675.5
"685",0,"Cash loans","M","N","Y",0,112500,175500,19930.5
"686",0,"Cash loans","F","N","Y",1,112500,157500,10656
"687",1,"Cash loans","F","N","Y",0,135000,521280,23089.5
"688",0,"Cash loans","F","N","Y",0,72000,76410,9198
"689",0,"Cash loans","F","Y","N",0,301500,1224990,32445
"690",0,"Cash loans","F","N","N",0,76500,148140,11704.5
"691",0,"Cash loans","F","Y","N",0,180000,302206.5,15822
"692",0,"Cash loans","F","N","N",1,112500,740700,26734.5
"693",0,"Cash loans","F","N","Y",0,67500,225000,22050
"694",0,"Cash loans","F","Y","Y",0,112500,835380,45445.5
"695",0,"Cash loans","F","N","Y",0,225000,265851,13702.5
"696",1,"Cash loans","M","Y","Y",0,292500,1178217,34578
"697",1,"Cash loans","M","N","Y",2,69750,152820,10341
"698",1,"Cash loans","F","N","N",0,135000,800500.5,34047
"699",0,"Cash loans","F","N","Y",1,49500,315000,18211.5
"700",0,"Cash loans","F","N","N",0,135000,535500,17401.5
"701",0,"Cash loans","F","N","N",3,81000,526491,29529
"702",0,"Cash loans","M","Y","Y",0,88200,247275,17716.5
"703",0,"Cash loans","M","Y","Y",0,270000,701730,72036
"704",0,"Cash loans","M","N","Y",0,180000,9e+05,29875.5
"705",0,"Cash loans","F","N","Y",0,202500,755190,32125.5
"706",0,"Cash loans","F","N","Y",0,112500,755190,36459
"707",0,"Cash loans","F","N","Y",0,117000,284400,10849.5
"708",0,"Cash loans","F","N","Y",0,157500,678996,31594.5
"709",0,"Cash loans","F","N","N",0,81000,148500,13738.5
"710",0,"Cash loans","F","N","Y",0,135000,397881,15129
"711",0,"Revolving loans","F","Y","Y",0,171000,270000,13500
"712",0,"Cash loans","F","N","Y",2,270000,1354500,47209.5
"713",0,"Cash loans","F","Y","Y",1,67500,95940,10462.5
"714",0,"Cash loans","F","N","Y",1,112500,117162,12559.5
"715",0,"Cash loans","F","N","Y",0,180000,531706.5,22657.5
"716",0,"Revolving loans","M","Y","Y",0,180000,180000,9000
"717",0,"Cash loans","F","N","N",0,112500,544491,16047
"718",0,"Cash loans","F","N","Y",0,135000,276277.5,14233.5
"719",0,"Cash loans","F","N","Y",0,90000,1018899,29790
"720",0,"Cash loans","F","N","N",0,180000,9e+05,32458.5
"721",0,"Revolving loans","M","Y","Y",1,202500,270000,13500
"722",0,"Cash loans","F","N","Y",0,202500,808650,26217
"723",1,"Cash loans","F","N","Y",0,157500,888840,32053.5
"724",0,"Cash loans","F","Y","N",0,216000,450000,30573
"725",0,"Cash loans","F","N","Y",0,247500,239850,25317
"726",0,"Cash loans","F","N","Y",1,135000,413235,32778
"727",0,"Cash loans","F","N","Y",0,112500,765261,32553
"728",0,"Cash loans","F","N","Y",0,171000,284400,16456.5
"729",0,"Cash loans","F","Y","Y",2,90000,390960,27931.5
"730",0,"Cash loans","F","N","Y",0,135000,427450.5,16632
"731",0,"Cash loans","F","N","Y",1,76500,152820,15241.5
"732",0,"Cash loans","F","N","Y",0,157500,675000,32602.5
"733",0,"Cash loans","M","N","Y",0,90000,9e+05,46084.5
"734",0,"Cash loans","M","Y","N",0,270000,381528,24970.5
"735",0,"Cash loans","M","Y","Y",0,225000,450000,24543
"736",0,"Cash loans","M","N","Y",0,76500,306306,15768
"737",0,"Cash loans","F","Y","Y",0,135000,136287,6687
"738",0,"Cash loans","F","N","N",0,157500,528633,24624
"739",0,"Revolving loans","M","Y","Y",0,112500,135000,6750
"740",0,"Cash loans","M","N","Y",0,225000,1256400,36733.5
"741",0,"Cash loans","F","N","Y",0,112500,411813,18270
"742",0,"Cash loans","F","Y","Y",0,243000,630000,34308
"743",0,"Cash loans","F","N","Y",0,112500,808650,26217
"744",0,"Cash loans","F","N","Y",1,270000,1125000,33025.5
"745",0,"Cash loans","M","Y","Y",0,54000,269550,13891.5
"746",0,"Cash loans","F","Y","Y",2,112500,808650,26217
"747",0,"Cash loans","M","Y","Y",0,135000,679500,24201
"748",0,"Cash loans","M","Y","Y",0,162000,485640,34668
"749",1,"Cash loans","F","N","N",0,202500,229500,11160
"750",0,"Cash loans","F","N","N",0,157500,272520,21528
"751",0,"Cash loans","F","N","N",1,76500,358344,26203.5
"752",0,"Cash loans","M","N","Y",0,90000,526491,17527.5
"753",0,"Cash loans","M","Y","N",0,180000,1354500,37246.5
"754",0,"Cash loans","F","N","Y",1,202500,285723,23035.5
"755",0,"Cash loans","F","N","Y",1,202500,497520,32521.5
"756",0,"Cash loans","F","N","Y",0,180000,942300,27549
"757",0,"Cash loans","M","Y","Y",0,360000,2301228,69772.5
"758",0,"Cash loans","F","N","N",1,247500,851778,27607.5
"759",0,"Cash loans","F","Y","Y",0,180000,302206.5,13441.5
"760",0,"Cash loans","F","Y","Y",1,130950,640080,31261.5
"761",0,"Revolving loans","M","Y","Y",0,225000,180000,9000
"762",0,"Cash loans","F","Y","Y",0,112500,270000,12987
"763",0,"Cash loans","F","N","Y",1,180000,450000,47880
"764",0,"Cash loans","F","N","N",0,193500,1223010,50472
"765",0,"Cash loans","F","N","N",0,225000,808650,23773.5
"766",0,"Cash loans","M","Y","Y",0,382500,450000,53536.5
"767",0,"Cash loans","F","N","Y",1,315000,1615968,56299.5
"768",0,"Cash loans","F","N","Y",2,135000,1440000,41152.5
"769",0,"Revolving loans","M","Y","Y",1,157500,270000,13500
"770",0,"Cash loans","M","Y","Y",0,225000,942300,30528
"771",0,"Cash loans","F","Y","N",0,72000,143910,14233.5
"772",0,"Cash loans","M","Y","Y",0,9e+05,2695500,71235
"773",0,"Cash loans","F","N","Y",0,90000,135000,4977
"774",0,"Cash loans","F","Y","N",0,121500,479700,51790.5
"775",0,"Cash loans","M","Y","Y",0,180000,526491,19039.5
"776",0,"Cash loans","F","N","Y",1,112500,810000,26257.5
"777",0,"Cash loans","F","N","Y",0,135000,1078200,38200.5
"778",0,"Cash loans","F","N","Y",0,225000,112500,13351.5
"779",0,"Cash loans","F","N","Y",0,135000,302341.5,17487
"780",0,"Cash loans","M","Y","Y",0,99000,814041,23800.5
"781",0,"Cash loans","M","Y","Y",0,85500,450000,30204
"782",0,"Cash loans","F","Y","N",0,171000,1762110,51651
"783",1,"Cash loans","F","N","N",0,67500,444420,19705.5
"784",0,"Cash loans","M","Y","Y",4,225000,943902,65826
"785",0,"Cash loans","F","N","Y",1,103500,358443,13639.5
"786",0,"Cash loans","F","N","Y",0,157500,598486.5,21627
"787",0,"Revolving loans","M","Y","Y",0,135000,270000,13500
"788",0,"Cash loans","F","N","Y",0,99000,495216,23953.5
"789",0,"Cash loans","F","N","Y",0,135000,545040,39627
"790",0,"Cash loans","F","N","Y",1,202500,808650,26217
"791",0,"Cash loans","F","N","N",0,90000,945000,37606.5
"792",0,"Cash loans","F","N","N",0,180000,225000,15219
"793",0,"Revolving loans","F","Y","Y",1,157500,540000,27000
"794",0,"Revolving loans","F","Y","N",0,135000,270000,13500
"795",0,"Cash loans","M","Y","N",0,225000,239850,25960.5
"796",0,"Cash loans","M","N","Y",0,157500,1125000,32895
"797",0,"Cash loans","M","Y","Y",0,247500,1423647,75978
"798",0,"Cash loans","M","N","N",0,270000,473760,51021
"799",0,"Cash loans","F","Y","N",2,112500,225000,17775
"800",0,"Cash loans","F","N","Y",1,130500,911668.5,32877
"801",0,"Revolving loans","F","N","N",0,180000,270000,13500
"802",0,"Cash loans","F","N","Y",0,90000,536917.5,17275.5
"803",0,"Cash loans","F","N","Y",2,135000,152820,11205
"804",0,"Cash loans","M","Y","Y",1,355050,9e+05,57519
"805",0,"Cash loans","M","N","Y",0,135000,229500,12145.5
"806",0,"Revolving loans","F","Y","N",0,99000,135000,6750
"807",0,"Cash loans","F","N","N",0,108000,450000,21109.5
"808",0,"Cash loans","M","N","N",0,135000,728460,37134
"809",0,"Cash loans","F","N","Y",1,76500,823500,29709
"810",0,"Cash loans","F","Y","Y",0,180000,1268181,34137
"811",0,"Revolving loans","M","Y","Y",0,90000,180000,9000
"812",0,"Cash loans","M","Y","Y",0,202500,252531,30100.5
"813",1,"Cash loans","F","Y","N",0,225000,510853.5,34686
"814",0,"Cash loans","F","N","Y",0,135000,1230565.5,40666.5
"815",0,"Cash loans","F","Y","Y",3,112500,1288350,37800
"816",0,"Cash loans","F","N","Y",0,112500,279000,10647
"817",0,"Cash loans","F","N","N",0,67500,675000,24799.5
"818",0,"Revolving loans","F","N","Y",0,112500,337500,16875
"819",0,"Cash loans","M","Y","Y",1,540000,1174005,81706.5
"820",0,"Cash loans","F","N","Y",0,166500,1575000,58500
"821",0,"Cash loans","F","N","Y",0,270000,1755000,71478
"822",0,"Cash loans","M","N","Y",1,351000,675000,49117.5
"823",1,"Cash loans","M","N","N",0,157500,169614,8788.5
"824",0,"Cash loans","M","N","Y",0,180000,790830,62613
"825",0,"Cash loans","F","N","N",0,157500,296280,18256.5
"826",0,"Revolving loans","F","Y","N",2,157500,450000,22500
"827",0,"Cash loans","F","N","Y",0,103500,227520,13189.5
"828",0,"Cash loans","F","Y","Y",0,202500,225000,22383
"829",0,"Cash loans","F","Y","Y",0,202500,1129500,29925
"830",0,"Revolving loans","F","N","Y",0,180000,270000,13500
"831",0,"Cash loans","M","N","Y",0,90000,675000,32602.5
"832",0,"Cash loans","F","N","N",0,180000,652311,19201.5
"833",0,"Cash loans","F","N","Y",0,292500,1125000,44748
"834",0,"Revolving loans","F","Y","Y",1,247500,450000,22500
"835",1,"Revolving loans","F","N","Y",0,112500,135000,6750
"836",1,"Cash loans","F","N","Y",0,78750,675000,20538
"837",0,"Cash loans","F","N","Y",0,112500,945000,27630
"838",0,"Cash loans","M","Y","N",0,225000,364896,22180.5
"839",0,"Cash loans","F","N","Y",1,90000,360000,13702.5
"840",0,"Cash loans","F","N","Y",0,396000,1343601,51304.5
"841",0,"Cash loans","F","N","Y",0,450000,1029204,102451.5
"842",0,"Cash loans","F","N","N",0,36000,276277.5,10368
"843",0,"Cash loans","M","Y","Y",0,265500,152820,17370
"844",0,"Cash loans","M","N","N",0,211500,1520253,44451
"845",0,"Cash loans","F","N","Y",0,360000,1540588.5,40770
"846",0,"Cash loans","M","Y","N",2,270000,450000,27193.5
"847",0,"Cash loans","F","N","Y",0,202500,225000,12694.5
"848",0,"Cash loans","F","N","N",2,112500,501435,24385.5
"849",0,"Cash loans","F","N","N",0,90000,521280,26743.5
"850",0,"Cash loans","M","Y","Y",2,315000,508495.5,24592.5
"851",0,"Revolving loans","M","Y","Y",1,810000,810000,40500
"852",0,"Cash loans","F","N","N",2,135000,1354500,47079
"853",0,"Cash loans","F","N","Y",0,180000,828000,32836.5
"854",0,"Cash loans","F","N","Y",0,135000,851778,25033.5
"855",0,"Revolving loans","F","N","Y",0,135000,405000,20250
"856",0,"Cash loans","F","N","Y",0,99000,206271,20223
"857",0,"Revolving loans","F","N","Y",1,157500,450000,22500
"858",0,"Cash loans","M","Y","N",2,202500,545040,35617.5
"859",0,"Cash loans","F","Y","N",1,90000,755190,36328.5
"860",0,"Cash loans","F","N","Y",2,45000,137538,13734
"861",0,"Cash loans","F","N","Y",0,315000,697500,37291.5
"862",0,"Cash loans","F","Y","Y",1,76500,622413,27544.5
"863",0,"Revolving loans","F","N","N",0,94500,292500,14625
"864",0,"Cash loans","F","N","Y",0,67500,365175,17154
"865",0,"Cash loans","M","Y","Y",0,135000,112500,6457.5
"866",0,"Cash loans","M","Y","Y",0,225000,225000,14508
"867",0,"Cash loans","F","N","Y",1,225000,9e+05,38133
"868",0,"Cash loans","M","N","Y",3,157500,1056447,31018.5
"869",0,"Cash loans","F","N","Y",0,135000,647046,21001.5
"870",0,"Cash loans","F","N","N",0,225000,1223010,48631.5
"871",1,"Cash loans","M","N","N",0,180000,521280,35392.5
"872",1,"Cash loans","F","Y","N",0,225000,568800,15772.5
"873",0,"Cash loans","F","N","Y",1,153000,2410380,89455.5
"874",0,"Cash loans","F","N","Y",0,144000,254700,16582.5
"875",0,"Cash loans","M","Y","N",0,244350,2925000,72364.5
"876",0,"Cash loans","M","N","N",0,135000,555273,15399
"877",0,"Cash loans","F","N","Y",0,189000,454500,44275.5
"878",0,"Cash loans","M","N","Y",0,225000,1467612,54517.5
"879",0,"Revolving loans","M","Y","Y",0,450000,9e+05,45000
"880",1,"Cash loans","F","N","Y",0,157500,1174977,34483.5
"881",0,"Cash loans","F","N","N",0,270000,450000,23562
"882",0,"Revolving loans","M","N","Y",2,180000,135000,6750
"883",0,"Cash loans","F","N","Y",0,135000,805500,38880
"884",0,"Cash loans","M","Y","Y",1,360000,1206954,35419.5
"885",1,"Cash loans","F","N","Y",2,67500,339241.5,12919.5
"886",0,"Cash loans","F","N","N",0,202500,358443,13639.5
"887",0,"Cash loans","M","N","Y",0,202500,451102.5,23031
"888",0,"Cash loans","F","N","Y",1,76500,314100,12091.5
"889",0,"Cash loans","M","N","Y",0,157500,408780,21703.5
"890",0,"Revolving loans","F","N","Y",1,90000,180000,9000
"891",0,"Cash loans","F","N","N",0,157500,327024,25834.5
"892",0,"Cash loans","M","Y","Y",0,180000,1288350,37800
"893",0,"Cash loans","F","Y","Y",1,180000,284400,18643.5
"894",0,"Cash loans","F","N","Y",1,270000,9e+05,35158.5
"895",0,"Cash loans","M","Y","N",0,202500,1223010,51948
"896",0,"Cash loans","F","Y","Y",0,67500,1223010,51948
"897",0,"Cash loans","M","Y","N",0,256500,545040,25537.5
"898",1,"Cash loans","F","N","Y",0,135000,239850,23494.5
"899",0,"Cash loans","M","Y","Y",0,193500,855000,81310.5
"900",0,"Cash loans","F","Y","Y",0,324000,284256,29979
"901",0,"Revolving loans","M","N","Y",0,67500,202500,10125
"902",0,"Cash loans","M","N","N",0,135000,332946,17127
"903",0,"Revolving loans","F","N","Y",0,135000,180000,9000
"904",0,"Cash loans","M","Y","Y",0,90000,905688,26608.5
"905",0,"Cash loans","M","N","N",0,157500,597339,36675
"906",0,"Cash loans","F","N","N",0,315000,876019.5,39717
"907",0,"Cash loans","F","N","Y",0,243000,666000,21483
"908",0,"Cash loans","F","N","N",0,157500,163512,13045.5
"909",0,"Cash loans","F","Y","Y",1,157500,216000,24426
"910",0,"Cash loans","M","Y","N",0,171000,417024,26964
"911",0,"Cash loans","M","Y","N",0,270000,755190,41098.5
"912",0,"Cash loans","M","N","Y",2,108000,277969.5,13086
"913",0,"Cash loans","M","Y","Y",0,110331,9e+05,24750
"914",1,"Cash loans","M","Y","Y",0,112500,302206.5,18391.5
"915",0,"Cash loans","M","N","N",0,360000,1262583,37044
"916",0,"Cash loans","M","Y","N",0,157500,755190,29677.5
"917",0,"Cash loans","M","N","Y",0,90000,337500,10908
"918",0,"Cash loans","M","Y","N",0,193500,254700,16582.5
"919",0,"Cash loans","F","N","Y",0,162000,514602,48991.5
"920",0,"Cash loans","F","N","N",0,191250,808650,23643
"921",0,"Cash loans","F","N","Y",0,112500,781920,24682.5
"922",1,"Cash loans","M","N","Y",1,427500,714915,34524
"923",0,"Cash loans","F","Y","Y",0,180000,808650,23773.5
"924",0,"Cash loans","F","N","N",0,135000,625536,19093.5
"925",0,"Cash loans","F","N","Y",0,135000,755190,32125.5
"926",1,"Cash loans","F","Y","Y",0,157500,1128442.5,60120
"927",0,"Cash loans","F","N","Y",0,202500,420718.5,17955
"928",0,"Revolving loans","M","N","N",0,112500,540000,27000
"929",0,"Cash loans","M","Y","N",1,180000,585000,29866.5
"930",0,"Cash loans","F","N","Y",0,180000,1125000,33021
"931",0,"Cash loans","F","N","Y",1,157500,225000,11650.5
"932",0,"Cash loans","F","N","Y",0,157500,1133748,33277.5
"933",0,"Cash loans","F","N","Y",0,135000,595903.5,30424.5
"934",0,"Cash loans","M","Y","N",0,90000,1288350,37669.5
"935",0,"Revolving loans","F","N","Y",2,112500,270000,13500
"936",0,"Revolving loans","F","Y","Y",0,175500,405000,20250
"937",0,"Cash loans","F","N","Y",0,67500,247500,12037.5
"938",0,"Cash loans","F","N","Y",2,45000,265851,19035
"939",0,"Revolving loans","F","N","Y",0,157500,405000,20250
"940",0,"Cash loans","M","Y","Y",2,180000,269550,24853.5
"941",0,"Cash loans","F","N","Y",0,202500,1971072,68643
"942",0,"Revolving loans","F","N","N",0,202500,585000,29250
"943",0,"Cash loans","M","Y","Y",1,337500,1812456,47943
"944",0,"Cash loans","M","Y","N",0,351000,1800000,49500
"945",0,"Cash loans","F","Y","Y",0,225000,630000,45972
"946",0,"Revolving loans","F","N","Y",0,247500,720000,36000
"947",0,"Cash loans","F","N","Y",0,117000,848745,39460.5
"948",0,"Cash loans","M","Y","Y",1,360000,573628.5,27724.5
"949",0,"Cash loans","F","N","Y",0,157500,651816,21672
"950",0,"Cash loans","M","Y","Y",0,90000,1006920,40063.5
"951",0,"Cash loans","F","N","N",0,135000,514867.5,33790.5
"952",0,"Cash loans","F","N","N",1,279000,385164,17095.5
"953",0,"Cash loans","F","N","Y",0,171000,278811,14233.5
"954",0,"Cash loans","F","Y","N",2,405000,732915,87111
"955",0,"Cash loans","M","N","Y",1,112500,327024,23827.5
"956",1,"Cash loans","M","N","Y",1,90000,545040,35617.5
"957",0,"Cash loans","M","N","N",1,202500,279000,9198
"958",0,"Cash loans","F","N","Y",2,247500,760131,29583
"959",0,"Cash loans","F","N","Y",0,180000,808650,26217
"960",0,"Cash loans","F","N","N",1,202500,1462720.5,55845
"961",0,"Cash loans","F","N","N",0,223650,1006920,42790.5
"962",0,"Cash loans","F","N","Y",2,112500,117162,12748.5
"963",0,"Cash loans","M","Y","N",1,135000,270000,11893.5
"964",0,"Cash loans","F","N","N",0,405000,378000,10098
"965",0,"Cash loans","F","N","Y",0,81000,126000,7362
"966",0,"Cash loans","F","N","Y",1,180000,850500,30262.5
"967",0,"Cash loans","F","Y","Y",0,315000,9e+05,26446.5
"968",0,"Cash loans","M","N","N",0,157500,432567,22216.5
"969",1,"Cash loans","F","Y","Y",0,103500,225000,11488.5
"970",0,"Cash loans","F","N","Y",0,225000,582804,27135
"971",0,"Revolving loans","F","Y","N",1,72000,180000,9000
"972",1,"Cash loans","M","Y","Y",0,157500,545040,26640
"973",0,"Cash loans","F","N","N",1,81000,127350,12532.5
"974",0,"Cash loans","M","Y","Y",0,107397,450000,19318.5
"975",0,"Cash loans","M","N","N",2,225000,463500,45153
"976",1,"Cash loans","F","N","Y",1,270000,402214.5,29398.5
"977",0,"Cash loans","F","N","Y",2,112500,331920,17077.5
"978",0,"Cash loans","F","N","Y",1,63000,148365,10678.5
"979",1,"Cash loans","M","Y","Y",0,270000,490495.5,31504.5
"980",0,"Cash loans","F","N","N",1,112500,191880,19107
"981",0,"Cash loans","F","N","N",0,225000,343800,16852.5
"982",0,"Cash loans","F","N","N",0,135000,312768,24709.5
"983",0,"Cash loans","F","Y","Y",0,157500,785250,25461
"984",0,"Cash loans","F","N","Y",0,157500,517500,22054.5
"985",0,"Revolving loans","M","Y","Y",1,225000,585000,29250
"986",0,"Cash loans","M","Y","Y",0,90000,358443,16708.5
"987",0,"Cash loans","F","N","Y",0,112500,342000,22986
"988",0,"Cash loans","F","N","Y",0,238500,1724220,47542.5
"989",0,"Cash loans","F","N","N",0,247500,1546020,40914
"990",0,"Cash loans","F","N","Y",0,202500,755190,36459
"991",1,"Revolving loans","M","N","N",0,112500,225000,11250
"992",0,"Cash loans","F","N","N",0,67500,148365,11650.5
"993",0,"Cash loans","F","N","N",0,135000,189621,14980.5
"994",1,"Cash loans","F","N","Y",0,450000,994608,60979.5
"995",0,"Cash loans","F","Y","N",0,157500,973710,34497
"996",0,"Cash loans","F","N","N",0,67500,675000,19867.5
"997",0,"Cash loans","F","Y","Y",1,112500,966645,38466
"998",0,"Cash loans","F","N","Y",0,112500,512064,25033.5
"999",0,"Revolving loans","F","Y","Y",1,112500,225000,11250
"1000",0,"Cash loans","F","Y","N",1,112500,312840,18090
